EU753,area,id,type
Afghanistan,,3,Timber exposed zone
Albania,,3,Timber exposed zone
Algeria,,3,Timber exposed zone
Angola,,3,Timber exposed zone
Argentina,,3,Timber exposed zone
Armenia,,3,Timber exposed zone
Australia,,3,Timber exposed zone
Azerbaijan,,3,Timber exposed zone
Bahamas,,3,Timber exposed zone
Bangladesh,,3,Timber exposed zone
Belarus,30108.0324599617,3,Timber exposed zone
Belize,,3,Timber exposed zone
Benin,,3,Timber exposed zone
Bhutan,,3,Timber exposed zone
Bolivia,,3,Timber exposed zone
Bosnia and Herzegovina,,3,Timber exposed zone
Botswana,,3,Timber exposed zone
Brazil,,3,Timber exposed zone
Brunei Darussalam,,3,Timber exposed zone
Burkina Faso,,3,Timber exposed zone
Burundi,,3,Timber exposed zone
Cambodia,,3,Timber exposed zone
Cameroon,,3,Timber exposed zone
Canada,55552.4061200493,3,Timber exposed zone
Central African Republic,,3,Timber exposed zone
Chad,,3,Timber exposed zone
Chile,,3,Timber exposed zone
China,,3,Timber exposed zone
Colombia,,3,Timber exposed zone
Costa Rica,,3,Timber exposed zone
Cote d'Ivoire,,3,Timber exposed zone
Cuba,,3,Timber exposed zone
Dem. Rep. Korea,,3,Timber exposed zone
Democratic Republic of the Congo,,3,Timber exposed zone
Djibouti,,3,Timber exposed zone
Dominican Republic,,3,Timber exposed zone
Ecuador,,3,Timber exposed zone
Egypt,,3,Timber exposed zone
El Salvador,,3,Timber exposed zone
Equatorial Guinea,,3,Timber exposed zone
Eritrea,,3,Timber exposed zone
Ethiopia,,3,Timber exposed zone
EU,11803783.1742053,3,Timber exposed zone
Fiji,,3,Timber exposed zone
Franch_GYN,,3,Timber exposed zone
Gabon,,3,Timber exposed zone
Georgia,,3,Timber exposed zone
Ghana,,3,Timber exposed zone
Guatemala,,3,Timber exposed zone
Guinea,,3,Timber exposed zone
Guinea-Bissau,,3,Timber exposed zone
Guyana,,3,Timber exposed zone
Haiti,,3,Timber exposed zone
Honduras,,3,Timber exposed zone
Iceland,,3,Timber exposed zone
India,,3,Timber exposed zone
Indonesia,,3,Timber exposed zone
Iran,,3,Timber exposed zone
Iraq,,3,Timber exposed zone
Israel,,3,Timber exposed zone
Jamaica,,3,Timber exposed zone
Japan,,3,Timber exposed zone
Jordan,,3,Timber exposed zone
Kazakhstan,,3,Timber exposed zone
Kenya,,3,Timber exposed zone
Kingdom of eSwatini,,3,Timber exposed zone
Kosovo,,3,Timber exposed zone
Kuwait,,3,Timber exposed zone
Kyrgyzstan,,3,Timber exposed zone
Lao PDR,,3,Timber exposed zone
Lebanon,,3,Timber exposed zone
Lesotho,,3,Timber exposed zone
Liberia,,3,Timber exposed zone
Libya,,3,Timber exposed zone
Madagascar,,3,Timber exposed zone
Malawi,,3,Timber exposed zone
Malaysia,,3,Timber exposed zone
Mali,,3,Timber exposed zone
Mauritania,,3,Timber exposed zone
Mexico,,3,Timber exposed zone
Moldova,,3,Timber exposed zone
Mongolia,,3,Timber exposed zone
Montenegro,,3,Timber exposed zone
Morocco,,3,Timber exposed zone
Mozambique,,3,Timber exposed zone
Myanmar,,3,Timber exposed zone
Namibia,,3,Timber exposed zone
Nepal,,3,Timber exposed zone
New Caledonia,,3,Timber exposed zone
New Zealand,,3,Timber exposed zone
Nicaragua,,3,Timber exposed zone
Niger,,3,Timber exposed zone
Nigeria,,3,Timber exposed zone
North Macedonia,,3,Timber exposed zone
Northern Cyprus,,3,Timber exposed zone
Norway,690962.796435858,3,Timber exposed zone
Oman,,3,Timber exposed zone
Pakistan,,3,Timber exposed zone
Palestine,,3,Timber exposed zone
Panama,,3,Timber exposed zone
Papua New Guinea,,3,Timber exposed zone
Paraguay,,3,Timber exposed zone
Peru,,3,Timber exposed zone
Philippines,,3,Timber exposed zone
Puerto Rico,,3,Timber exposed zone
Qatar,,3,Timber exposed zone
Republic of Korea,,3,Timber exposed zone
Republic of the Congo,,3,Timber exposed zone
Russian Federation,367730.443270974,3,Timber exposed zone
Rwanda,,3,Timber exposed zone
Saudi Arabia,,3,Timber exposed zone
Senegal,,3,Timber exposed zone
Serbia,,3,Timber exposed zone
Sierra Leone,,3,Timber exposed zone
Solomon Islands,,3,Timber exposed zone
Somalia,,3,Timber exposed zone
Somaliland,,3,Timber exposed zone
South Africa,,3,Timber exposed zone
South Sudan,,3,Timber exposed zone
Sri Lanka,,3,Timber exposed zone
Sudan,,3,Timber exposed zone
Suriname,,3,Timber exposed zone
Switzerland,25606.3939098976,3,Timber exposed zone
Syria,,3,Timber exposed zone
Tajikistan,,3,Timber exposed zone
Tanzania,,3,Timber exposed zone
Thailand,,3,Timber exposed zone
The Gambia,,3,Timber exposed zone
Timor-Leste,,3,Timber exposed zone
Togo,,3,Timber exposed zone
Trinidad and Tobago,,3,Timber exposed zone
Tunisia,,3,Timber exposed zone
Turkey,,3,Timber exposed zone
Turkmenistan,,3,Timber exposed zone
Uganda,,3,Timber exposed zone
Ukraine,8273.74969956055,3,Timber exposed zone
United Arab Emirates,,3,Timber exposed zone
United Kingdom,15635.3575451248,3,Timber exposed zone
United States,,3,Timber exposed zone
Uruguay,,3,Timber exposed zone
Uzbekistan,,3,Timber exposed zone
Vanuatu,,3,Timber exposed zone
Venezuela,,3,Timber exposed zone
Vietnam,,3,Timber exposed zone
Western Sahara,,3,Timber exposed zone
Yemen,,3,Timber exposed zone
Zambia,,3,Timber exposed zone
Zimbabwe,,3,Timber exposed zone
Afghanistan,,5,Diversity exposed zone
Albania,,5,Diversity exposed zone
Algeria,,5,Diversity exposed zone
Angola,,5,Diversity exposed zone
Argentina,,5,Diversity exposed zone
Armenia,,5,Diversity exposed zone
Australia,48974.8280116402,5,Diversity exposed zone
Azerbaijan,,5,Diversity exposed zone
Bahamas,,5,Diversity exposed zone
Bangladesh,,5,Diversity exposed zone
Belarus,,5,Diversity exposed zone
Belize,,5,Diversity exposed zone
Benin,12205.1819241917,5,Diversity exposed zone
Bhutan,,5,Diversity exposed zone
Bolivia,,5,Diversity exposed zone
Bosnia and Herzegovina,,5,Diversity exposed zone
Botswana,,5,Diversity exposed zone
Brazil,,5,Diversity exposed zone
Brunei Darussalam,,5,Diversity exposed zone
Burkina Faso,,5,Diversity exposed zone
Burundi,,5,Diversity exposed zone
Cambodia,,5,Diversity exposed zone
Cameroon,,5,Diversity exposed zone
Canada,52450.8111144486,5,Diversity exposed zone
Central African Republic,,5,Diversity exposed zone
Chad,,5,Diversity exposed zone
Chile,,5,Diversity exposed zone
China,,5,Diversity exposed zone
Colombia,,5,Diversity exposed zone
Costa Rica,,5,Diversity exposed zone
Cote d'Ivoire,,5,Diversity exposed zone
Cuba,,5,Diversity exposed zone
Dem. Rep. Korea,,5,Diversity exposed zone
Democratic Republic of the Congo,,5,Diversity exposed zone
Djibouti,,5,Diversity exposed zone
Dominican Republic,,5,Diversity exposed zone
Ecuador,24616.8245978748,5,Diversity exposed zone
Egypt,,5,Diversity exposed zone
El Salvador,,5,Diversity exposed zone
Equatorial Guinea,,5,Diversity exposed zone
Eritrea,,5,Diversity exposed zone
Ethiopia,,5,Diversity exposed zone
EU,179671.074883371,5,Diversity exposed zone
Fiji,,5,Diversity exposed zone
Franch_GYN,12280.6142163248,5,Diversity exposed zone
Gabon,12302.1362447252,5,Diversity exposed zone
Georgia,,5,Diversity exposed zone
Ghana,,5,Diversity exposed zone
Guatemala,,5,Diversity exposed zone
Guinea,,5,Diversity exposed zone
Guinea-Bissau,,5,Diversity exposed zone
Guyana,,5,Diversity exposed zone
Haiti,,5,Diversity exposed zone
Honduras,,5,Diversity exposed zone
Iceland,,5,Diversity exposed zone
India,,5,Diversity exposed zone
Indonesia,,5,Diversity exposed zone
Iran,,5,Diversity exposed zone
Iraq,,5,Diversity exposed zone
Israel,,5,Diversity exposed zone
Jamaica,,5,Diversity exposed zone
Japan,,5,Diversity exposed zone
Jordan,,5,Diversity exposed zone
Kazakhstan,,5,Diversity exposed zone
Kenya,,5,Diversity exposed zone
Kingdom of eSwatini,,5,Diversity exposed zone
Kosovo,,5,Diversity exposed zone
Kuwait,,5,Diversity exposed zone
Kyrgyzstan,,5,Diversity exposed zone
Lao PDR,,5,Diversity exposed zone
Lebanon,,5,Diversity exposed zone
Lesotho,,5,Diversity exposed zone
Liberia,,5,Diversity exposed zone
Libya,,5,Diversity exposed zone
Madagascar,,5,Diversity exposed zone
Malawi,,5,Diversity exposed zone
Malaysia,,5,Diversity exposed zone
Mali,,5,Diversity exposed zone
Mauritania,,5,Diversity exposed zone
Mexico,,5,Diversity exposed zone
Moldova,,5,Diversity exposed zone
Mongolia,,5,Diversity exposed zone
Montenegro,,5,Diversity exposed zone
Morocco,,5,Diversity exposed zone
Mozambique,,5,Diversity exposed zone
Myanmar,,5,Diversity exposed zone
Namibia,,5,Diversity exposed zone
Nepal,,5,Diversity exposed zone
New Caledonia,,5,Diversity exposed zone
New Zealand,,5,Diversity exposed zone
Nicaragua,,5,Diversity exposed zone
Niger,,5,Diversity exposed zone
Nigeria,,5,Diversity exposed zone
North Macedonia,,5,Diversity exposed zone
Northern Cyprus,,5,Diversity exposed zone
Norway,18298.997271273,5,Diversity exposed zone
Oman,,5,Diversity exposed zone
Pakistan,,5,Diversity exposed zone
Palestine,,5,Diversity exposed zone
Panama,,5,Diversity exposed zone
Papua New Guinea,24438.5975681775,5,Diversity exposed zone
Paraguay,,5,Diversity exposed zone
Peru,,5,Diversity exposed zone
Philippines,,5,Diversity exposed zone
Puerto Rico,,5,Diversity exposed zone
Qatar,,5,Diversity exposed zone
Republic of Korea,,5,Diversity exposed zone
Republic of the Congo,,5,Diversity exposed zone
Russian Federation,88498.262659961,5,Diversity exposed zone
Rwanda,,5,Diversity exposed zone
Saudi Arabia,,5,Diversity exposed zone
Senegal,,5,Diversity exposed zone
Serbia,,5,Diversity exposed zone
Sierra Leone,,5,Diversity exposed zone
Solomon Islands,,5,Diversity exposed zone
Somalia,,5,Diversity exposed zone
Somaliland,,5,Diversity exposed zone
South Africa,,5,Diversity exposed zone
South Sudan,,5,Diversity exposed zone
Sri Lanka,,5,Diversity exposed zone
Sudan,,5,Diversity exposed zone
Suriname,,5,Diversity exposed zone
Switzerland,,5,Diversity exposed zone
Syria,,5,Diversity exposed zone
Tajikistan,,5,Diversity exposed zone
Tanzania,,5,Diversity exposed zone
Thailand,,5,Diversity exposed zone
The Gambia,,5,Diversity exposed zone
Timor-Leste,,5,Diversity exposed zone
Togo,,5,Diversity exposed zone
Trinidad and Tobago,,5,Diversity exposed zone
Tunisia,,5,Diversity exposed zone
Turkey,,5,Diversity exposed zone
Turkmenistan,,5,Diversity exposed zone
Uganda,,5,Diversity exposed zone
Ukraine,24247.6512472725,5,Diversity exposed zone
United Arab Emirates,,5,Diversity exposed zone
United Kingdom,,5,Diversity exposed zone
United States,323485.408360146,5,Diversity exposed zone
Uruguay,,5,Diversity exposed zone
Uzbekistan,,5,Diversity exposed zone
Vanuatu,,5,Diversity exposed zone
Venezuela,,5,Diversity exposed zone
Vietnam,,5,Diversity exposed zone
Western Sahara,,5,Diversity exposed zone
Yemen,,5,Diversity exposed zone
Zambia,,5,Diversity exposed zone
Zimbabwe,,5,Diversity exposed zone
Afghanistan,,7,Carbon exposed zone
Albania,,7,Carbon exposed zone
Algeria,,7,Carbon exposed zone
Angola,,7,Carbon exposed zone
Argentina,,7,Carbon exposed zone
Armenia,9406.06095117416,7,Carbon exposed zone
Australia,,7,Carbon exposed zone
Azerbaijan,,7,Carbon exposed zone
Bahamas,,7,Carbon exposed zone
Bangladesh,,7,Carbon exposed zone
Belarus,22298.9675049477,7,Carbon exposed zone
Belize,,7,Carbon exposed zone
Benin,,7,Carbon exposed zone
Bhutan,,7,Carbon exposed zone
Bolivia,,7,Carbon exposed zone
Bosnia and Herzegovina,,7,Carbon exposed zone
Botswana,,7,Carbon exposed zone
Brazil,,7,Carbon exposed zone
Brunei Darussalam,,7,Carbon exposed zone
Burkina Faso,,7,Carbon exposed zone
Burundi,,7,Carbon exposed zone
Cambodia,,7,Carbon exposed zone
Cameroon,,7,Carbon exposed zone
Canada,273147.331367964,7,Carbon exposed zone
Central African Republic,,7,Carbon exposed zone
Chad,,7,Carbon exposed zone
Chile,,7,Carbon exposed zone
China,,7,Carbon exposed zone
Colombia,,7,Carbon exposed zone
Costa Rica,,7,Carbon exposed zone
Cote d'Ivoire,,7,Carbon exposed zone
Cuba,,7,Carbon exposed zone
Dem. Rep. Korea,,7,Carbon exposed zone
Democratic Republic of the Congo,,7,Carbon exposed zone
Djibouti,,7,Carbon exposed zone
Dominican Republic,,7,Carbon exposed zone
Ecuador,,7,Carbon exposed zone
Egypt,,7,Carbon exposed zone
El Salvador,,7,Carbon exposed zone
Equatorial Guinea,,7,Carbon exposed zone
Eritrea,,7,Carbon exposed zone
Ethiopia,,7,Carbon exposed zone
EU,9282703.39326811,7,Carbon exposed zone
Fiji,,7,Carbon exposed zone
Franch_GYN,,7,Carbon exposed zone
Gabon,,7,Carbon exposed zone
Georgia,,7,Carbon exposed zone
Ghana,,7,Carbon exposed zone
Guatemala,,7,Carbon exposed zone
Guinea,,7,Carbon exposed zone
Guinea-Bissau,,7,Carbon exposed zone
Guyana,,7,Carbon exposed zone
Haiti,,7,Carbon exposed zone
Honduras,,7,Carbon exposed zone
Iceland,,7,Carbon exposed zone
India,,7,Carbon exposed zone
Indonesia,,7,Carbon exposed zone
Iran,19845.5906341805,7,Carbon exposed zone
Iraq,,7,Carbon exposed zone
Israel,,7,Carbon exposed zone
Jamaica,,7,Carbon exposed zone
Japan,,7,Carbon exposed zone
Jordan,,7,Carbon exposed zone
Kazakhstan,,7,Carbon exposed zone
Kenya,,7,Carbon exposed zone
Kingdom of eSwatini,,7,Carbon exposed zone
Kosovo,,7,Carbon exposed zone
Kuwait,,7,Carbon exposed zone
Kyrgyzstan,,7,Carbon exposed zone
Lao PDR,,7,Carbon exposed zone
Lebanon,,7,Carbon exposed zone
Lesotho,,7,Carbon exposed zone
Liberia,,7,Carbon exposed zone
Libya,,7,Carbon exposed zone
Madagascar,,7,Carbon exposed zone
Malawi,,7,Carbon exposed zone
Malaysia,,7,Carbon exposed zone
Mali,,7,Carbon exposed zone
Mauritania,,7,Carbon exposed zone
Mexico,88953.3843739704,7,Carbon exposed zone
Moldova,,7,Carbon exposed zone
Mongolia,,7,Carbon exposed zone
Montenegro,,7,Carbon exposed zone
Morocco,,7,Carbon exposed zone
Mozambique,,7,Carbon exposed zone
Myanmar,,7,Carbon exposed zone
Namibia,,7,Carbon exposed zone
Nepal,,7,Carbon exposed zone
New Caledonia,,7,Carbon exposed zone
New Zealand,,7,Carbon exposed zone
Nicaragua,,7,Carbon exposed zone
Niger,,7,Carbon exposed zone
Nigeria,,7,Carbon exposed zone
North Macedonia,9336.5560205368,7,Carbon exposed zone
Northern Cyprus,,7,Carbon exposed zone
Norway,96583.3339833496,7,Carbon exposed zone
Oman,,7,Carbon exposed zone
Pakistan,,7,Carbon exposed zone
Palestine,,7,Carbon exposed zone
Panama,,7,Carbon exposed zone
Papua New Guinea,,7,Carbon exposed zone
Paraguay,,7,Carbon exposed zone
Peru,,7,Carbon exposed zone
Philippines,,7,Carbon exposed zone
Puerto Rico,,7,Carbon exposed zone
Qatar,,7,Carbon exposed zone
Republic of Korea,,7,Carbon exposed zone
Republic of the Congo,,7,Carbon exposed zone
Russian Federation,345206.333233333,7,Carbon exposed zone
Rwanda,,7,Carbon exposed zone
Saudi Arabia,,7,Carbon exposed zone
Senegal,,7,Carbon exposed zone
Serbia,17614.4958274704,7,Carbon exposed zone
Sierra Leone,,7,Carbon exposed zone
Solomon Islands,,7,Carbon exposed zone
Somalia,,7,Carbon exposed zone
Somaliland,,7,Carbon exposed zone
South Africa,,7,Carbon exposed zone
South Sudan,,7,Carbon exposed zone
Sri Lanka,,7,Carbon exposed zone
Sudan,,7,Carbon exposed zone
Suriname,,7,Carbon exposed zone
Switzerland,93867.1509210037,7,Carbon exposed zone
Syria,,7,Carbon exposed zone
Tajikistan,,7,Carbon exposed zone
Tanzania,,7,Carbon exposed zone
Thailand,,7,Carbon exposed zone
The Gambia,,7,Carbon exposed zone
Timor-Leste,,7,Carbon exposed zone
Togo,,7,Carbon exposed zone
Trinidad and Tobago,,7,Carbon exposed zone
Tunisia,,7,Carbon exposed zone
Turkey,9781.67864252777,7,Carbon exposed zone
Turkmenistan,,7,Carbon exposed zone
Uganda,,7,Carbon exposed zone
Ukraine,56477.5754281349,7,Carbon exposed zone
United Arab Emirates,,7,Carbon exposed zone
United Kingdom,2487296.27294279,7,Carbon exposed zone
United States,1037588.04173262,7,Carbon exposed zone
Uruguay,,7,Carbon exposed zone
Uzbekistan,,7,Carbon exposed zone
Vanuatu,,7,Carbon exposed zone
Venezuela,,7,Carbon exposed zone
Vietnam,,7,Carbon exposed zone
Western Sahara,,7,Carbon exposed zone
Yemen,,7,Carbon exposed zone
Zambia,,7,Carbon exposed zone
Zimbabwe,,7,Carbon exposed zone
Afghanistan,,8,Timber and diversity exposed zone
Albania,,8,Timber and diversity exposed zone
Algeria,,8,Timber and diversity exposed zone
Angola,,8,Timber and diversity exposed zone
Argentina,,8,Timber and diversity exposed zone
Armenia,,8,Timber and diversity exposed zone
Australia,,8,Timber and diversity exposed zone
Azerbaijan,,8,Timber and diversity exposed zone
Bahamas,,8,Timber and diversity exposed zone
Bangladesh,,8,Timber and diversity exposed zone
Belarus,,8,Timber and diversity exposed zone
Belize,,8,Timber and diversity exposed zone
Benin,,8,Timber and diversity exposed zone
Bhutan,,8,Timber and diversity exposed zone
Bolivia,,8,Timber and diversity exposed zone
Bosnia and Herzegovina,,8,Timber and diversity exposed zone
Botswana,,8,Timber and diversity exposed zone
Brazil,,8,Timber and diversity exposed zone
Brunei Darussalam,,8,Timber and diversity exposed zone
Burkina Faso,,8,Timber and diversity exposed zone
Burundi,,8,Timber and diversity exposed zone
Cambodia,,8,Timber and diversity exposed zone
Cameroon,,8,Timber and diversity exposed zone
Canada,147425.514578425,8,Timber and diversity exposed zone
Central African Republic,,8,Timber and diversity exposed zone
Chad,,8,Timber and diversity exposed zone
Chile,,8,Timber and diversity exposed zone
China,,8,Timber and diversity exposed zone
Colombia,,8,Timber and diversity exposed zone
Costa Rica,,8,Timber and diversity exposed zone
Cote d'Ivoire,,8,Timber and diversity exposed zone
Cuba,,8,Timber and diversity exposed zone
Dem. Rep. Korea,,8,Timber and diversity exposed zone
Democratic Republic of the Congo,,8,Timber and diversity exposed zone
Djibouti,,8,Timber and diversity exposed zone
Dominican Republic,,8,Timber and diversity exposed zone
Ecuador,,8,Timber and diversity exposed zone
Egypt,,8,Timber and diversity exposed zone
El Salvador,,8,Timber and diversity exposed zone
Equatorial Guinea,,8,Timber and diversity exposed zone
Eritrea,,8,Timber and diversity exposed zone
Ethiopia,,8,Timber and diversity exposed zone
EU,607736.247378549,8,Timber and diversity exposed zone
Fiji,,8,Timber and diversity exposed zone
Franch_GYN,,8,Timber and diversity exposed zone
Gabon,,8,Timber and diversity exposed zone
Georgia,,8,Timber and diversity exposed zone
Ghana,,8,Timber and diversity exposed zone
Guatemala,,8,Timber and diversity exposed zone
Guinea,,8,Timber and diversity exposed zone
Guinea-Bissau,,8,Timber and diversity exposed zone
Guyana,,8,Timber and diversity exposed zone
Haiti,,8,Timber and diversity exposed zone
Honduras,,8,Timber and diversity exposed zone
Iceland,,8,Timber and diversity exposed zone
India,,8,Timber and diversity exposed zone
Indonesia,,8,Timber and diversity exposed zone
Iran,,8,Timber and diversity exposed zone
Iraq,,8,Timber and diversity exposed zone
Israel,,8,Timber and diversity exposed zone
Jamaica,,8,Timber and diversity exposed zone
Japan,,8,Timber and diversity exposed zone
Jordan,,8,Timber and diversity exposed zone
Kazakhstan,,8,Timber and diversity exposed zone
Kenya,,8,Timber and diversity exposed zone
Kingdom of eSwatini,,8,Timber and diversity exposed zone
Kosovo,,8,Timber and diversity exposed zone
Kuwait,,8,Timber and diversity exposed zone
Kyrgyzstan,,8,Timber and diversity exposed zone
Lao PDR,,8,Timber and diversity exposed zone
Lebanon,,8,Timber and diversity exposed zone
Lesotho,,8,Timber and diversity exposed zone
Liberia,,8,Timber and diversity exposed zone
Libya,,8,Timber and diversity exposed zone
Madagascar,,8,Timber and diversity exposed zone
Malawi,,8,Timber and diversity exposed zone
Malaysia,,8,Timber and diversity exposed zone
Mali,,8,Timber and diversity exposed zone
Mauritania,,8,Timber and diversity exposed zone
Mexico,,8,Timber and diversity exposed zone
Moldova,,8,Timber and diversity exposed zone
Mongolia,,8,Timber and diversity exposed zone
Montenegro,,8,Timber and diversity exposed zone
Morocco,,8,Timber and diversity exposed zone
Mozambique,,8,Timber and diversity exposed zone
Myanmar,,8,Timber and diversity exposed zone
Namibia,,8,Timber and diversity exposed zone
Nepal,,8,Timber and diversity exposed zone
New Caledonia,,8,Timber and diversity exposed zone
New Zealand,,8,Timber and diversity exposed zone
Nicaragua,,8,Timber and diversity exposed zone
Niger,,8,Timber and diversity exposed zone
Nigeria,,8,Timber and diversity exposed zone
North Macedonia,,8,Timber and diversity exposed zone
Northern Cyprus,,8,Timber and diversity exposed zone
Norway,158917.806037637,8,Timber and diversity exposed zone
Oman,,8,Timber and diversity exposed zone
Pakistan,,8,Timber and diversity exposed zone
Palestine,,8,Timber and diversity exposed zone
Panama,,8,Timber and diversity exposed zone
Papua New Guinea,,8,Timber and diversity exposed zone
Paraguay,,8,Timber and diversity exposed zone
Peru,,8,Timber and diversity exposed zone
Philippines,,8,Timber and diversity exposed zone
Puerto Rico,,8,Timber and diversity exposed zone
Qatar,,8,Timber and diversity exposed zone
Republic of Korea,,8,Timber and diversity exposed zone
Republic of the Congo,,8,Timber and diversity exposed zone
Russian Federation,15803.6378217888,8,Timber and diversity exposed zone
Rwanda,,8,Timber and diversity exposed zone
Saudi Arabia,,8,Timber and diversity exposed zone
Senegal,,8,Timber and diversity exposed zone
Serbia,,8,Timber and diversity exposed zone
Sierra Leone,,8,Timber and diversity exposed zone
Solomon Islands,,8,Timber and diversity exposed zone
Somalia,,8,Timber and diversity exposed zone
Somaliland,,8,Timber and diversity exposed zone
South Africa,,8,Timber and diversity exposed zone
South Sudan,,8,Timber and diversity exposed zone
Sri Lanka,,8,Timber and diversity exposed zone
Sudan,,8,Timber and diversity exposed zone
Suriname,,8,Timber and diversity exposed zone
Switzerland,,8,Timber and diversity exposed zone
Syria,,8,Timber and diversity exposed zone
Tajikistan,,8,Timber and diversity exposed zone
Tanzania,,8,Timber and diversity exposed zone
Thailand,,8,Timber and diversity exposed zone
The Gambia,,8,Timber and diversity exposed zone
Timor-Leste,,8,Timber and diversity exposed zone
Togo,,8,Timber and diversity exposed zone
Trinidad and Tobago,,8,Timber and diversity exposed zone
Tunisia,,8,Timber and diversity exposed zone
Turkey,,8,Timber and diversity exposed zone
Turkmenistan,,8,Timber and diversity exposed zone
Uganda,,8,Timber and diversity exposed zone
Ukraine,,8,Timber and diversity exposed zone
United Arab Emirates,,8,Timber and diversity exposed zone
United Kingdom,,8,Timber and diversity exposed zone
United States,139738.112867457,8,Timber and diversity exposed zone
Uruguay,,8,Timber and diversity exposed zone
Uzbekistan,,8,Timber and diversity exposed zone
Vanuatu,,8,Timber and diversity exposed zone
Venezuela,,8,Timber and diversity exposed zone
Vietnam,,8,Timber and diversity exposed zone
Western Sahara,,8,Timber and diversity exposed zone
Yemen,,8,Timber and diversity exposed zone
Zambia,,8,Timber and diversity exposed zone
Zimbabwe,,8,Timber and diversity exposed zone
Afghanistan,,10,Timber and carbon exposed zone
Albania,,10,Timber and carbon exposed zone
Algeria,,10,Timber and carbon exposed zone
Angola,,10,Timber and carbon exposed zone
Argentina,9461.13995190964,10,Timber and carbon exposed zone
Armenia,,10,Timber and carbon exposed zone
Australia,,10,Timber and carbon exposed zone
Azerbaijan,,10,Timber and carbon exposed zone
Bahamas,,10,Timber and carbon exposed zone
Bangladesh,,10,Timber and carbon exposed zone
Belarus,43857.5618642212,10,Timber and carbon exposed zone
Belize,,10,Timber and carbon exposed zone
Benin,,10,Timber and carbon exposed zone
Bhutan,,10,Timber and carbon exposed zone
Bolivia,,10,Timber and carbon exposed zone
Bosnia and Herzegovina,17912.2204362503,10,Timber and carbon exposed zone
Botswana,,10,Timber and carbon exposed zone
Brazil,,10,Timber and carbon exposed zone
Brunei Darussalam,,10,Timber and carbon exposed zone
Burkina Faso,,10,Timber and carbon exposed zone
Burundi,,10,Timber and carbon exposed zone
Cambodia,,10,Timber and carbon exposed zone
Cameroon,,10,Timber and carbon exposed zone
Canada,201184.794805344,10,Timber and carbon exposed zone
Central African Republic,,10,Timber and carbon exposed zone
Chad,,10,Timber and carbon exposed zone
Chile,,10,Timber and carbon exposed zone
China,,10,Timber and carbon exposed zone
Colombia,,10,Timber and carbon exposed zone
Costa Rica,,10,Timber and carbon exposed zone
Cote d'Ivoire,,10,Timber and carbon exposed zone
Cuba,,10,Timber and carbon exposed zone
Dem. Rep. Korea,,10,Timber and carbon exposed zone
Democratic Republic of the Congo,,10,Timber and carbon exposed zone
Djibouti,,10,Timber and carbon exposed zone
Dominican Republic,,10,Timber and carbon exposed zone
Ecuador,,10,Timber and carbon exposed zone
Egypt,,10,Timber and carbon exposed zone
El Salvador,,10,Timber and carbon exposed zone
Equatorial Guinea,,10,Timber and carbon exposed zone
Eritrea,,10,Timber and carbon exposed zone
Ethiopia,,10,Timber and carbon exposed zone
EU,31469771.136533,10,Timber and carbon exposed zone
Fiji,,10,Timber and carbon exposed zone
Franch_GYN,,10,Timber and carbon exposed zone
Gabon,,10,Timber and carbon exposed zone
Georgia,,10,Timber and carbon exposed zone
Ghana,,10,Timber and carbon exposed zone
Guatemala,,10,Timber and carbon exposed zone
Guinea,,10,Timber and carbon exposed zone
Guinea-Bissau,,10,Timber and carbon exposed zone
Guyana,,10,Timber and carbon exposed zone
Haiti,,10,Timber and carbon exposed zone
Honduras,,10,Timber and carbon exposed zone
Iceland,,10,Timber and carbon exposed zone
India,,10,Timber and carbon exposed zone
Indonesia,,10,Timber and carbon exposed zone
Iran,,10,Timber and carbon exposed zone
Iraq,,10,Timber and carbon exposed zone
Israel,10393.0918479866,10,Timber and carbon exposed zone
Jamaica,,10,Timber and carbon exposed zone
Japan,,10,Timber and carbon exposed zone
Jordan,,10,Timber and carbon exposed zone
Kazakhstan,,10,Timber and carbon exposed zone
Kenya,,10,Timber and carbon exposed zone
Kingdom of eSwatini,,10,Timber and carbon exposed zone
Kosovo,,10,Timber and carbon exposed zone
Kuwait,,10,Timber and carbon exposed zone
Kyrgyzstan,,10,Timber and carbon exposed zone
Lao PDR,,10,Timber and carbon exposed zone
Lebanon,,10,Timber and carbon exposed zone
Lesotho,,10,Timber and carbon exposed zone
Liberia,,10,Timber and carbon exposed zone
Libya,,10,Timber and carbon exposed zone
Madagascar,,10,Timber and carbon exposed zone
Malawi,,10,Timber and carbon exposed zone
Malaysia,,10,Timber and carbon exposed zone
Mali,,10,Timber and carbon exposed zone
Mauritania,,10,Timber and carbon exposed zone
Mexico,,10,Timber and carbon exposed zone
Moldova,,10,Timber and carbon exposed zone
Mongolia,,10,Timber and carbon exposed zone
Montenegro,,10,Timber and carbon exposed zone
Morocco,,10,Timber and carbon exposed zone
Mozambique,,10,Timber and carbon exposed zone
Myanmar,,10,Timber and carbon exposed zone
Namibia,,10,Timber and carbon exposed zone
Nepal,,10,Timber and carbon exposed zone
New Caledonia,,10,Timber and carbon exposed zone
New Zealand,,10,Timber and carbon exposed zone
Nicaragua,,10,Timber and carbon exposed zone
Niger,,10,Timber and carbon exposed zone
Nigeria,,10,Timber and carbon exposed zone
North Macedonia,,10,Timber and carbon exposed zone
Northern Cyprus,,10,Timber and carbon exposed zone
Norway,571979.199030562,10,Timber and carbon exposed zone
Oman,,10,Timber and carbon exposed zone
Pakistan,,10,Timber and carbon exposed zone
Palestine,,10,Timber and carbon exposed zone
Panama,,10,Timber and carbon exposed zone
Papua New Guinea,,10,Timber and carbon exposed zone
Paraguay,,10,Timber and carbon exposed zone
Peru,,10,Timber and carbon exposed zone
Philippines,,10,Timber and carbon exposed zone
Puerto Rico,,10,Timber and carbon exposed zone
Qatar,,10,Timber and carbon exposed zone
Republic of Korea,,10,Timber and carbon exposed zone
Republic of the Congo,,10,Timber and carbon exposed zone
Russian Federation,414888.850203661,10,Timber and carbon exposed zone
Rwanda,,10,Timber and carbon exposed zone
Saudi Arabia,,10,Timber and carbon exposed zone
Senegal,,10,Timber and carbon exposed zone
Serbia,,10,Timber and carbon exposed zone
Sierra Leone,,10,Timber and carbon exposed zone
Solomon Islands,,10,Timber and carbon exposed zone
Somalia,,10,Timber and carbon exposed zone
Somaliland,,10,Timber and carbon exposed zone
South Africa,,10,Timber and carbon exposed zone
South Sudan,,10,Timber and carbon exposed zone
Sri Lanka,,10,Timber and carbon exposed zone
Sudan,,10,Timber and carbon exposed zone
Suriname,,10,Timber and carbon exposed zone
Switzerland,1132768.83673352,10,Timber and carbon exposed zone
Syria,,10,Timber and carbon exposed zone
Tajikistan,,10,Timber and carbon exposed zone
Tanzania,,10,Timber and carbon exposed zone
Thailand,,10,Timber and carbon exposed zone
The Gambia,,10,Timber and carbon exposed zone
Timor-Leste,,10,Timber and carbon exposed zone
Togo,,10,Timber and carbon exposed zone
Trinidad and Tobago,,10,Timber and carbon exposed zone
Tunisia,,10,Timber and carbon exposed zone
Turkey,,10,Timber and carbon exposed zone
Turkmenistan,,10,Timber and carbon exposed zone
Uganda,,10,Timber and carbon exposed zone
Ukraine,127985.480975851,10,Timber and carbon exposed zone
United Arab Emirates,,10,Timber and carbon exposed zone
United Kingdom,1847613.94996147,10,Timber and carbon exposed zone
United States,174456.231519051,10,Timber and carbon exposed zone
Uruguay,,10,Timber and carbon exposed zone
Uzbekistan,,10,Timber and carbon exposed zone
Vanuatu,,10,Timber and carbon exposed zone
Venezuela,,10,Timber and carbon exposed zone
Vietnam,,10,Timber and carbon exposed zone
Western Sahara,,10,Timber and carbon exposed zone
Yemen,,10,Timber and carbon exposed zone
Zambia,,10,Timber and carbon exposed zone
Zimbabwe,,10,Timber and carbon exposed zone
Afghanistan,,12,Diversity and carbon exposed zone
Albania,,12,Diversity and carbon exposed zone
Algeria,,12,Diversity and carbon exposed zone
Angola,,12,Diversity and carbon exposed zone
Argentina,83862.8241723202,12,Diversity and carbon exposed zone
Armenia,,12,Diversity and carbon exposed zone
Australia,1629425.80054607,12,Diversity and carbon exposed zone
Azerbaijan,,12,Diversity and carbon exposed zone
Bahamas,,12,Diversity and carbon exposed zone
Bangladesh,,12,Diversity and carbon exposed zone
Belarus,,12,Diversity and carbon exposed zone
Belize,23519.3478881268,12,Diversity and carbon exposed zone
Benin,731669.826188242,12,Diversity and carbon exposed zone
Bhutan,,12,Diversity and carbon exposed zone
Bolivia,11737.7108903549,12,Diversity and carbon exposed zone
Bosnia and Herzegovina,,12,Diversity and carbon exposed zone
Botswana,,12,Diversity and carbon exposed zone
Brazil,583629.651872293,12,Diversity and carbon exposed zone
Brunei Darussalam,,12,Diversity and carbon exposed zone
Burkina Faso,,12,Diversity and carbon exposed zone
Burundi,,12,Diversity and carbon exposed zone
Cambodia,59867.3334134827,12,Diversity and carbon exposed zone
Cameroon,,12,Diversity and carbon exposed zone
Canada,1821451.60421956,12,Diversity and carbon exposed zone
Central African Republic,,12,Diversity and carbon exposed zone
Chad,,12,Diversity and carbon exposed zone
Chile,90988.057371051,12,Diversity and carbon exposed zone
China,504514.330117725,12,Diversity and carbon exposed zone
Colombia,232733.845972379,12,Diversity and carbon exposed zone
Costa Rica,206129.348941478,12,Diversity and carbon exposed zone
Cote d'Ivoire,36715.7564979314,12,Diversity and carbon exposed zone
Cuba,11374.2007423538,12,Diversity and carbon exposed zone
Dem. Rep. Korea,,12,Diversity and carbon exposed zone
Democratic Republic of the Congo,,12,Diversity and carbon exposed zone
Djibouti,,12,Diversity and carbon exposed zone
Dominican Republic,93307.7484447888,12,Diversity and carbon exposed zone
Ecuador,356852.419446798,12,Diversity and carbon exposed zone
Egypt,,12,Diversity and carbon exposed zone
El Salvador,23935.701980895,12,Diversity and carbon exposed zone
Equatorial Guinea,,12,Diversity and carbon exposed zone
Eritrea,,12,Diversity and carbon exposed zone
Ethiopia,12202.4147182886,12,Diversity and carbon exposed zone
EU,778911.997704046,12,Diversity and carbon exposed zone
Fiji,23456.0687534691,12,Diversity and carbon exposed zone
Franch_GYN,12266.1743935871,12,Diversity and carbon exposed zone
Gabon,,12,Diversity and carbon exposed zone
Georgia,9195.3769437767,12,Diversity and carbon exposed zone
Ghana,12223.5369733185,12,Diversity and carbon exposed zone
Guatemala,35637.2755267262,12,Diversity and carbon exposed zone
Guinea,,12,Diversity and carbon exposed zone
Guinea-Bissau,,12,Diversity and carbon exposed zone
Guyana,,12,Diversity and carbon exposed zone
Haiti,23397.3427499981,12,Diversity and carbon exposed zone
Honduras,71526.515282581,12,Diversity and carbon exposed zone
Iceland,,12,Diversity and carbon exposed zone
India,68897.8941314934,12,Diversity and carbon exposed zone
Indonesia,195435.649831302,12,Diversity and carbon exposed zone
Iran,,12,Diversity and carbon exposed zone
Iraq,,12,Diversity and carbon exposed zone
Israel,,12,Diversity and carbon exposed zone
Jamaica,35148.5523522068,12,Diversity and carbon exposed zone
Japan,10047.9044180443,12,Diversity and carbon exposed zone
Jordan,,12,Diversity and carbon exposed zone
Kazakhstan,,12,Diversity and carbon exposed zone
Kenya,,12,Diversity and carbon exposed zone
Kingdom of eSwatini,,12,Diversity and carbon exposed zone
Kosovo,,12,Diversity and carbon exposed zone
Kuwait,,12,Diversity and carbon exposed zone
Kyrgyzstan,,12,Diversity and carbon exposed zone
Lao PDR,11892.1430228523,12,Diversity and carbon exposed zone
Lebanon,,12,Diversity and carbon exposed zone
Lesotho,,12,Diversity and carbon exposed zone
Liberia,,12,Diversity and carbon exposed zone
Libya,,12,Diversity and carbon exposed zone
Madagascar,23150.7607442829,12,Diversity and carbon exposed zone
Malawi,,12,Diversity and carbon exposed zone
Malaysia,36836.8555199513,12,Diversity and carbon exposed zone
Mali,,12,Diversity and carbon exposed zone
Mauritania,,12,Diversity and carbon exposed zone
Mexico,819065.281978044,12,Diversity and carbon exposed zone
Moldova,,12,Diversity and carbon exposed zone
Mongolia,,12,Diversity and carbon exposed zone
Montenegro,,12,Diversity and carbon exposed zone
Morocco,10229.7424413094,12,Diversity and carbon exposed zone
Mozambique,11077.9464667675,12,Diversity and carbon exposed zone
Myanmar,,12,Diversity and carbon exposed zone
Namibia,,12,Diversity and carbon exposed zone
Nepal,,12,Diversity and carbon exposed zone
New Caledonia,22930.2604586903,12,Diversity and carbon exposed zone
New Zealand,314192.436714364,12,Diversity and carbon exposed zone
Nicaragua,60254.5958580135,12,Diversity and carbon exposed zone
Niger,,12,Diversity and carbon exposed zone
Nigeria,12233.2272355375,12,Diversity and carbon exposed zone
North Macedonia,,12,Diversity and carbon exposed zone
Northern Cyprus,,12,Diversity and carbon exposed zone
Norway,99011.3817588326,12,Diversity and carbon exposed zone
Oman,,12,Diversity and carbon exposed zone
Pakistan,,12,Diversity and carbon exposed zone
Palestine,,12,Diversity and carbon exposed zone
Panama,170341.24746632,12,Diversity and carbon exposed zone
Papua New Guinea,73251.6702000082,12,Diversity and carbon exposed zone
Paraguay,11256.9648368263,12,Diversity and carbon exposed zone
Peru,24301.7239786956,12,Diversity and carbon exposed zone
Philippines,,12,Diversity and carbon exposed zone
Puerto Rico,70211.8374832813,12,Diversity and carbon exposed zone
Qatar,,12,Diversity and carbon exposed zone
Republic of Korea,60041.9131179443,12,Diversity and carbon exposed zone
Republic of the Congo,,12,Diversity and carbon exposed zone
Russian Federation,119637.486506319,12,Diversity and carbon exposed zone
Rwanda,,12,Diversity and carbon exposed zone
Saudi Arabia,,12,Diversity and carbon exposed zone
Senegal,,12,Diversity and carbon exposed zone
Serbia,26385.0285082809,12,Diversity and carbon exposed zone
Sierra Leone,,12,Diversity and carbon exposed zone
Solomon Islands,12146.4137260553,12,Diversity and carbon exposed zone
Somalia,12308.7042284662,12,Diversity and carbon exposed zone
Somaliland,,12,Diversity and carbon exposed zone
South Africa,306545.873723074,12,Diversity and carbon exposed zone
South Sudan,,12,Diversity and carbon exposed zone
Sri Lanka,12223.5369733185,12,Diversity and carbon exposed zone
Sudan,,12,Diversity and carbon exposed zone
Suriname,,12,Diversity and carbon exposed zone
Switzerland,314804.68370036,12,Diversity and carbon exposed zone
Syria,,12,Diversity and carbon exposed zone
Tajikistan,,12,Diversity and carbon exposed zone
Tanzania,,12,Diversity and carbon exposed zone
Thailand,71648.9949291021,12,Diversity and carbon exposed zone
The Gambia,,12,Diversity and carbon exposed zone
Timor-Leste,,12,Diversity and carbon exposed zone
Togo,24390.7303025854,12,Diversity and carbon exposed zone
Trinidad and Tobago,,12,Diversity and carbon exposed zone
Tunisia,,12,Diversity and carbon exposed zone
Turkey,,12,Diversity and carbon exposed zone
Turkmenistan,,12,Diversity and carbon exposed zone
Uganda,,12,Diversity and carbon exposed zone
Ukraine,103994.88693596,12,Diversity and carbon exposed zone
United Arab Emirates,,12,Diversity and carbon exposed zone
United Kingdom,78727.6704868866,12,Diversity and carbon exposed zone
United States,3991497.10183644,12,Diversity and carbon exposed zone
Uruguay,,12,Diversity and carbon exposed zone
Uzbekistan,,12,Diversity and carbon exposed zone
Vanuatu,11886.6457718391,12,Diversity and carbon exposed zone
Venezuela,12199.6112672478,12,Diversity and carbon exposed zone
Vietnam,,12,Diversity and carbon exposed zone
Western Sahara,,12,Diversity and carbon exposed zone
Yemen,,12,Diversity and carbon exposed zone
Zambia,,12,Diversity and carbon exposed zone
Zimbabwe,34841.9653874298,12,Diversity and carbon exposed zone
Afghanistan,,15,"Timber, diversity and carbon exposed zone"
Albania,,15,"Timber, diversity and carbon exposed zone"
Algeria,,15,"Timber, diversity and carbon exposed zone"
Angola,,15,"Timber, diversity and carbon exposed zone"
Argentina,,15,"Timber, diversity and carbon exposed zone"
Armenia,,15,"Timber, diversity and carbon exposed zone"
Australia,807374.604547377,15,"Timber, diversity and carbon exposed zone"
Azerbaijan,,15,"Timber, diversity and carbon exposed zone"
Bahamas,,15,"Timber, diversity and carbon exposed zone"
Bangladesh,,15,"Timber, diversity and carbon exposed zone"
Belarus,22214.4606193192,15,"Timber, diversity and carbon exposed zone"
Belize,,15,"Timber, diversity and carbon exposed zone"
Benin,,15,"Timber, diversity and carbon exposed zone"
Bhutan,10973.7567268681,15,"Timber, diversity and carbon exposed zone"
Bolivia,,15,"Timber, diversity and carbon exposed zone"
Bosnia and Herzegovina,8844.95405225906,15,"Timber, diversity and carbon exposed zone"
Botswana,,15,"Timber, diversity and carbon exposed zone"
Brazil,179710.317343702,15,"Timber, diversity and carbon exposed zone"
Brunei Darussalam,,15,"Timber, diversity and carbon exposed zone"
Burkina Faso,,15,"Timber, diversity and carbon exposed zone"
Burundi,,15,"Timber, diversity and carbon exposed zone"
Cambodia,,15,"Timber, diversity and carbon exposed zone"
Cameroon,,15,"Timber, diversity and carbon exposed zone"
Canada,674648.327487299,15,"Timber, diversity and carbon exposed zone"
Central African Republic,,15,"Timber, diversity and carbon exposed zone"
Chad,,15,"Timber, diversity and carbon exposed zone"
Chile,69323.3945427917,15,"Timber, diversity and carbon exposed zone"
China,1114974.56048241,15,"Timber, diversity and carbon exposed zone"
Colombia,,15,"Timber, diversity and carbon exposed zone"
Costa Rica,,15,"Timber, diversity and carbon exposed zone"
Cote d'Ivoire,,15,"Timber, diversity and carbon exposed zone"
Cuba,,15,"Timber, diversity and carbon exposed zone"
Dem. Rep. Korea,,15,"Timber, diversity and carbon exposed zone"
Democratic Republic of the Congo,,15,"Timber, diversity and carbon exposed zone"
Djibouti,,15,"Timber, diversity and carbon exposed zone"
Dominican Republic,,15,"Timber, diversity and carbon exposed zone"
Ecuador,,15,"Timber, diversity and carbon exposed zone"
Egypt,,15,"Timber, diversity and carbon exposed zone"
El Salvador,,15,"Timber, diversity and carbon exposed zone"
Equatorial Guinea,,15,"Timber, diversity and carbon exposed zone"
Eritrea,,15,"Timber, diversity and carbon exposed zone"
Ethiopia,,15,"Timber, diversity and carbon exposed zone"
EU,3499341.75590222,15,"Timber, diversity and carbon exposed zone"
Fiji,,15,"Timber, diversity and carbon exposed zone"
Franch_GYN,,15,"Timber, diversity and carbon exposed zone"
Gabon,,15,"Timber, diversity and carbon exposed zone"
Georgia,,15,"Timber, diversity and carbon exposed zone"
Ghana,,15,"Timber, diversity and carbon exposed zone"
Guatemala,,15,"Timber, diversity and carbon exposed zone"
Guinea,,15,"Timber, diversity and carbon exposed zone"
Guinea-Bissau,,15,"Timber, diversity and carbon exposed zone"
Guyana,,15,"Timber, diversity and carbon exposed zone"
Haiti,,15,"Timber, diversity and carbon exposed zone"
Honduras,,15,"Timber, diversity and carbon exposed zone"
Iceland,,15,"Timber, diversity and carbon exposed zone"
India,12117.7658434198,15,"Timber, diversity and carbon exposed zone"
Indonesia,12185.0505655659,15,"Timber, diversity and carbon exposed zone"
Iran,,15,"Timber, diversity and carbon exposed zone"
Iraq,,15,"Timber, diversity and carbon exposed zone"
Israel,,15,"Timber, diversity and carbon exposed zone"
Jamaica,,15,"Timber, diversity and carbon exposed zone"
Japan,,15,"Timber, diversity and carbon exposed zone"
Jordan,,15,"Timber, diversity and carbon exposed zone"
Kazakhstan,,15,"Timber, diversity and carbon exposed zone"
Kenya,,15,"Timber, diversity and carbon exposed zone"
Kingdom of eSwatini,,15,"Timber, diversity and carbon exposed zone"
Kosovo,,15,"Timber, diversity and carbon exposed zone"
Kuwait,,15,"Timber, diversity and carbon exposed zone"
Kyrgyzstan,,15,"Timber, diversity and carbon exposed zone"
Lao PDR,,15,"Timber, diversity and carbon exposed zone"
Lebanon,,15,"Timber, diversity and carbon exposed zone"
Lesotho,,15,"Timber, diversity and carbon exposed zone"
Liberia,,15,"Timber, diversity and carbon exposed zone"
Libya,,15,"Timber, diversity and carbon exposed zone"
Madagascar,,15,"Timber, diversity and carbon exposed zone"
Malawi,11858.6272093933,15,"Timber, diversity and carbon exposed zone"
Malaysia,12244.5229038522,15,"Timber, diversity and carbon exposed zone"
Mali,,15,"Timber, diversity and carbon exposed zone"
Mauritania,,15,"Timber, diversity and carbon exposed zone"
Mexico,,15,"Timber, diversity and carbon exposed zone"
Moldova,,15,"Timber, diversity and carbon exposed zone"
Mongolia,,15,"Timber, diversity and carbon exposed zone"
Montenegro,18347.8406808029,15,"Timber, diversity and carbon exposed zone"
Morocco,,15,"Timber, diversity and carbon exposed zone"
Mozambique,,15,"Timber, diversity and carbon exposed zone"
Myanmar,,15,"Timber, diversity and carbon exposed zone"
Namibia,,15,"Timber, diversity and carbon exposed zone"
Nepal,,15,"Timber, diversity and carbon exposed zone"
New Caledonia,,15,"Timber, diversity and carbon exposed zone"
New Zealand,191238.817578134,15,"Timber, diversity and carbon exposed zone"
Nicaragua,,15,"Timber, diversity and carbon exposed zone"
Niger,,15,"Timber, diversity and carbon exposed zone"
Nigeria,,15,"Timber, diversity and carbon exposed zone"
North Macedonia,,15,"Timber, diversity and carbon exposed zone"
Northern Cyprus,,15,"Timber, diversity and carbon exposed zone"
Norway,268112.744354581,15,"Timber, diversity and carbon exposed zone"
Oman,,15,"Timber, diversity and carbon exposed zone"
Pakistan,,15,"Timber, diversity and carbon exposed zone"
Palestine,,15,"Timber, diversity and carbon exposed zone"
Panama,,15,"Timber, diversity and carbon exposed zone"
Papua New Guinea,,15,"Timber, diversity and carbon exposed zone"
Paraguay,,15,"Timber, diversity and carbon exposed zone"
Peru,,15,"Timber, diversity and carbon exposed zone"
Philippines,,15,"Timber, diversity and carbon exposed zone"
Puerto Rico,,15,"Timber, diversity and carbon exposed zone"
Qatar,,15,"Timber, diversity and carbon exposed zone"
Republic of Korea,139786.453881953,15,"Timber, diversity and carbon exposed zone"
Republic of the Congo,,15,"Timber, diversity and carbon exposed zone"
Russian Federation,16528.8966647423,15,"Timber, diversity and carbon exposed zone"
Rwanda,,15,"Timber, diversity and carbon exposed zone"
Saudi Arabia,,15,"Timber, diversity and carbon exposed zone"
Senegal,,15,"Timber, diversity and carbon exposed zone"
Serbia,,15,"Timber, diversity and carbon exposed zone"
Sierra Leone,,15,"Timber, diversity and carbon exposed zone"
Solomon Islands,,15,"Timber, diversity and carbon exposed zone"
Somalia,,15,"Timber, diversity and carbon exposed zone"
Somaliland,,15,"Timber, diversity and carbon exposed zone"
South Africa,74790.0581495258,15,"Timber, diversity and carbon exposed zone"
South Sudan,,15,"Timber, diversity and carbon exposed zone"
Sri Lanka,36628.5478040867,15,"Timber, diversity and carbon exposed zone"
Sudan,,15,"Timber, diversity and carbon exposed zone"
Suriname,,15,"Timber, diversity and carbon exposed zone"
Switzerland,869965.233843152,15,"Timber, diversity and carbon exposed zone"
Syria,,15,"Timber, diversity and carbon exposed zone"
Tajikistan,,15,"Timber, diversity and carbon exposed zone"
Tanzania,,15,"Timber, diversity and carbon exposed zone"
Thailand,12008.7516519884,15,"Timber, diversity and carbon exposed zone"
The Gambia,,15,"Timber, diversity and carbon exposed zone"
Timor-Leste,,15,"Timber, diversity and carbon exposed zone"
Togo,,15,"Timber, diversity and carbon exposed zone"
Trinidad and Tobago,,15,"Timber, diversity and carbon exposed zone"
Tunisia,,15,"Timber, diversity and carbon exposed zone"
Turkey,,15,"Timber, diversity and carbon exposed zone"
Turkmenistan,,15,"Timber, diversity and carbon exposed zone"
Uganda,,15,"Timber, diversity and carbon exposed zone"
Ukraine,55136.9446956726,15,"Timber, diversity and carbon exposed zone"
United Arab Emirates,,15,"Timber, diversity and carbon exposed zone"
United Kingdom,233588.430301937,15,"Timber, diversity and carbon exposed zone"
United States,692771.103812815,15,"Timber, diversity and carbon exposed zone"
Uruguay,10145.7566512337,15,"Timber, diversity and carbon exposed zone"
Uzbekistan,,15,"Timber, diversity and carbon exposed zone"
Vanuatu,,15,"Timber, diversity and carbon exposed zone"
Venezuela,,15,"Timber, diversity and carbon exposed zone"
Vietnam,,15,"Timber, diversity and carbon exposed zone"
Western Sahara,,15,"Timber, diversity and carbon exposed zone"
Yemen,,15,"Timber, diversity and carbon exposed zone"
Zambia,,15,"Timber, diversity and carbon exposed zone"
Zimbabwe,,15,"Timber, diversity and carbon exposed zone"
